
{
  "partidos": [
    {
      "id": 3277400,
      "date": "2023-11-10T00:00:00.000Z",
      "home_team": {
        "id": 11,
        "abbreviation": "HOU",
        "city": "Houston",
        "conference": "West",
        "division": "Southwest",
        "full_name": "Houston Rockets",
        "name": "Rockets"
      },
      "home_team_score": 104,
      "period": 4,
      "postseason": false,
      "season": 2023,
      "status": "Final",
      "time": "Final",
      "visitor_team": {
        "id": 19,
        "abbreviation": "NOP",
        "city": "New Orleans",
        "conference": "West",
        "division": "Southwest",
        "full_name": "New Orleans Pelicans",
        "name": "Pelicans"
      },
      "visitor_team_score": 101
    },
    {
      "id": 3277527,
      "date": "2023-11-28T00:00:00.000Z",
      "home_team": {
        "id": 2,
        "abbreviation": "BOS",
        "city": "Boston",
        "conference": "East",
        "division": "Atlantic",
        "full_name": "Boston Celtics",
        "name": "Celtics"
      },
      "home_team_score": 0,
      "period": 0,
      "postseason": false,
      "season": 2023,
      "status": "2023-11-29T00:30:00Z",
      "time": null,
      "visitor_team": {
        "id": 5,
        "abbreviation": "CHI",
        "city": "Chicago",
        "conference": "East",
        "division": "Central",
        "full_name": "Chicago Bulls",
        "name": "Bulls"
      },
      "visitor_team_score": 0
    },
    {
      "id": 3277528,
      "date": "2023-11-28T00:00:00.000Z",
      "home_team": {
        "id": 3,
        "abbreviation": "BKN",
        "city": "Brooklyn",
        "conference": "East",
        "division": "Atlantic",
        "full_name": "Brooklyn Nets",
        "name": "Nets"
      },
      "home_team_score": 0,
      "period": 0,
      "postseason": false,
      "season": 2023,
      "status": "2023-11-29T00:30:00Z",
      "time": null,
      "visitor_team": {
        "id": 28,
        "abbreviation": "TOR",
        "city": "Toronto",
        "conference": "East",
        "division": "Atlantic",
        "full_name": "Toronto Raptors",
        "name": "Raptors"
      },
      "visitor_team_score": 0
    },
    {
      "id": 3277399,
      "date": "2023-11-10T00:00:00.000Z",
      "home_team": {
        "id": 2,
        "abbreviation": "BOS",
        "city": "Boston",
        "conference": "East",
        "division": "Atlantic",
        "full_name": "Boston Celtics",
        "name": "Celtics"
      },
      "home_team_score": 121,
      "period": 4,
      "postseason": false,
      "season": 2023,
      "status": "Final",
      "time": "Final",
      "visitor_team": {
        "id": 3,
        "abbreviation": "BKN",
        "city": "Brooklyn",
        "conference": "East",
        "division": "Atlantic",
        "full_name": "Brooklyn Nets",
        "name": "Nets"
      },
      "visitor_team_score": 107
    },
    {
      "id": 3277529,
      "date": "2023-11-28T00:00:00.000Z",
      "home_team": {
        "id": 6,
        "abbreviation": "CLE",
        "city": "Cleveland",
        "conference": "East",
        "division": "Central",
        "full_name": "Cleveland Cavaliers",
        "name": "Cavaliers"
      },
      "home_team_score": 0,
      "period": 0,
      "postseason": false,
      "season": 2023,
      "status": "2023-11-29T00:30:00Z",
      "time": null,
      "visitor_team": {
        "id": 1,
        "abbreviation": "ATL",
        "city": "Atlanta",
        "conference": "East",
        "division": "Southeast",
        "full_name": "Atlanta Hawks",
        "name": "Hawks"
      },
      "visitor_team_score": 0
    },
    {
      "id": 3277355,
      "date": "2023-11-03T00:00:00.000Z",
      "home_team": {
        "id": 25,
        "abbreviation": "POR",
        "city": "Portland",
        "conference": "West",
        "division": "Northwest",
        "full_name": "Portland Trail Blazers",
        "name": "Trail Blazers"
      },
      "home_team_score": 115,
      "period": 5,
      "postseason": false,
      "season": 2023,
      "status": "Final",
      "time": "Final",
      "visitor_team": {
        "id": 15,
        "abbreviation": "MEM",
        "city": "Memphis",
        "conference": "West",
        "division": "Southwest",
        "full_name": "Memphis Grizzlies",
        "name": "Grizzlies"
      },
      "visitor_team_score": 113
    },
    {
      "id": 3277530,
      "date": "2023-11-28T00:00:00.000Z",
      "home_team": {
        "id": 16,
        "abbreviation": "MIA",
        "city": "Miami",
        "conference": "East",
        "division": "Southeast",
        "full_name": "Miami Heat",
        "name": "Heat"
      },
      "home_team_score": 0,
      "period": 0,
      "postseason": false,
      "season": 2023,
      "status": "2023-11-29T00:30:00Z",
      "time": null,
      "visitor_team": {
        "id": 17,
        "abbreviation": "MIL",
        "city": "Milwaukee",
        "conference": "East",
        "division": "Central",
        "full_name": "Milwaukee Bucks",
        "name": "Bucks"
      },
      "visitor_team_score": 0
    },
    {
      "id": 3277531,
      "date": "2023-11-28T00:00:00.000Z",
      "home_team": {
        "id": 20,
        "abbreviation": "NYK",
        "city": "New York",
        "conference": "East",
        "division": "Atlantic",
        "full_name": "New York Knicks",
        "name": "Knicks"
      },
      "home_team_score": 0,
      "period": 0,
      "postseason": false,
      "season": 2023,
      "status": "2023-11-29T00:30:00Z",
      "time": null,
      "visitor_team": {
        "id": 4,
        "abbreviation": "CHA",
        "city": "Charlotte",
        "conference": "East",
        "division": "Southeast",
        "full_name": "Charlotte Hornets",
        "name": "Hornets"
      },
      "visitor_team_score": 0
    },
    {
      "id": 3277425,
      "date": "2023-11-14T00:00:00.000Z",
      "home_team": {
        "id": 4,
        "abbreviation": "CHA",
        "city": "Charlotte",
        "conference": "East",
        "division": "Southeast",
        "full_name": "Charlotte Hornets",
        "name": "Hornets"
      },
      "home_team_score": 105,
      "period": 4,
      "postseason": false,
      "season": 2023,
      "status": "Final",
      "time": "Final",
      "visitor_team": {
        "id": 16,
        "abbreviation": "MIA",
        "city": "Miami",
        "conference": "East",
        "division": "Southeast",
        "full_name": "Miami Heat",
        "name": "Heat"
      },
      "visitor_team_score": 111
    },
    {
      "id": 3277432,
      "date": "2023-11-14T00:00:00.000Z",
      "home_team": {
        "id": 8,
        "abbreviation": "DEN",
        "city": "Denver",
        "conference": "West",
        "division": "Northwest",
        "full_name": "Denver Nuggets",
        "name": "Nuggets"
      },
      "home_team_score": 111,
      "period": 4,
      "postseason": false,
      "season": 2023,
      "status": "Final",
      "time": "Final",
      "visitor_team": {
        "id": 13,
        "abbreviation": "LAC",
        "city": "LA",
        "conference": "West",
        "division": "Pacific",
        "full_name": "LA Clippers",
        "name": "Clippers"
      },
      "visitor_team_score": 108
    },
    {
      "id": 3277428,
      "date": "2023-11-14T00:00:00.000Z",
      "home_team": {
        "id": 3,
        "abbreviation": "BKN",
        "city": "Brooklyn",
        "conference": "East",
        "division": "Atlantic",
        "full_name": "Brooklyn Nets",
        "name": "Nets"
      },
      "home_team_score": 124,
      "period": 4,
      "postseason": false,
      "season": 2023,
      "status": "Final",
      "time": "Final",
      "visitor_team": {
        "id": 22,
        "abbreviation": "ORL",
        "city": "Orlando",
        "conference": "East",
        "division": "Southeast",
        "full_name": "Orlando Magic",
        "name": "Magic"
      },
      "visitor_team_score": 104
    },
    {
      "id": 3277427,
      "date": "2023-11-14T00:00:00.000Z",
      "home_team": {
        "id": 23,
        "abbreviation": "PHI",
        "city": "Philadelphia",
        "conference": "East",
        "division": "Atlantic",
        "full_name": "Philadelphia 76ers",
        "name": "76ers"
      },
      "home_team_score": 126,
      "period": 4,
      "postseason": false,
      "season": 2023,
      "status": "Final",
      "time": "Final",
      "visitor_team": {
        "id": 12,
        "abbreviation": "IND",
        "city": "Indiana",
        "conference": "East",
        "division": "Central",
        "full_name": "Indiana Pacers",
        "name": "Pacers"
      },
      "visitor_team_score": 132
    },
    {
      "id": 3277532,
      "date": "2023-11-28T00:00:00.000Z",
      "home_team": {
        "id": 18,
        "abbreviation": "MIN",
        "city": "Minnesota",
        "conference": "West",
        "division": "Northwest",
        "full_name": "Minnesota Timberwolves",
        "name": "Timberwolves"
      },
      "home_team_score": 0,
      "period": 0,
      "postseason": false,
      "season": 2023,
      "status": "2023-11-29T01:00:00Z",
      "time": null,
      "visitor_team": {
        "id": 21,
        "abbreviation": "OKC",
        "city": "Oklahoma City",
        "conference": "West",
        "division": "Northwest",
        "full_name": "Oklahoma City Thunder",
        "name": "Thunder"
      },
      "visitor_team_score": 0
    },
    {
      "id": 3277426,
      "date": "2023-11-14T00:00:00.000Z",
      "home_team": {
        "id": 9,
        "abbreviation": "DET",
        "city": "Detroit",
        "conference": "East",
        "division": "Central",
        "full_name": "Detroit Pistons",
        "name": "Pistons"
      },
      "home_team_score": 120,
      "period": 4,
      "postseason": false,
      "season": 2023,
      "status": "Final",
      "time": "Final",
      "visitor_team": {
        "id": 1,
        "abbreviation": "ATL",
        "city": "Atlanta",
        "conference": "East",
        "division": "Southeast",
        "full_name": "Atlanta Hawks",
        "name": "Hawks"
      },
      "visitor_team_score": 126
    },
    {
      "id": 3277431,
      "date": "2023-11-14T00:00:00.000Z",
      "home_team": {
        "id": 29,
        "abbreviation": "UTA",
        "city": "Utah",
        "conference": "West",
        "division": "Northwest",
        "full_name": "Utah Jazz",
        "name": "Jazz"
      },
      "home_team_score": 115,
      "period": 4,
      "postseason": false,
      "season": 2023,
      "status": "Final",
      "time": "Final",
      "visitor_team": {
        "id": 25,
        "abbreviation": "POR",
        "city": "Portland",
        "conference": "West",
        "division": "Northwest",
        "full_name": "Portland Trail Blazers",
        "name": "Trail Blazers"
      },
      "visitor_team_score": 99
    },
    {
      "id": 3277398,
      "date": "2023-11-10T00:00:00.000Z",
      "home_team": {
        "id": 30,
        "abbreviation": "WAS",
        "city": "Washington",
        "conference": "East",
        "division": "Southeast",
        "full_name": "Washington Wizards",
        "name": "Wizards"
      },
      "home_team_score": 117,
      "period": 4,
      "postseason": false,
      "season": 2023,
      "status": "Final",
      "time": "Final",
      "visitor_team": {
        "id": 4,
        "abbreviation": "CHA",
        "city": "Charlotte",
        "conference": "East",
        "division": "Southeast",
        "full_name": "Charlotte Hornets",
        "name": "Hornets"
      },
      "visitor_team_score": 124
    },
    {
      "id": 3277533,
      "date": "2023-11-28T00:00:00.000Z",
      "home_team": {
        "id": 7,
        "abbreviation": "DAL",
        "city": "Dallas",
        "conference": "West",
        "division": "Southwest",
        "full_name": "Dallas Mavericks",
        "name": "Mavericks"
      },
      "home_team_score": 0,
      "period": 0,
      "postseason": false,
      "season": 2023,
      "status": "2023-11-29T01:30:00Z",
      "time": null,
      "visitor_team": {
        "id": 11,
        "abbreviation": "HOU",
        "city": "Houston",
        "conference": "West",
        "division": "Southwest",
        "full_name": "Houston Rockets",
        "name": "Rockets"
      },
      "visitor_team_score": 0
    },
    {
      "id": 3277534,
      "date": "2023-11-28T00:00:00.000Z",
      "home_team": {
        "id": 26,
        "abbreviation": "SAC",
        "city": "Sacramento",
        "conference": "West",
        "division": "Pacific",
        "full_name": "Sacramento Kings",
        "name": "Kings"
      },
      "home_team_score": 0,
      "period": 0,
      "postseason": false,
      "season": 2023,
      "status": "2023-11-29T03:00:00Z",
      "time": null,
      "visitor_team": {
        "id": 10,
        "abbreviation": "GSW",
        "city": "Golden State",
        "conference": "West",
        "division": "Pacific",
        "full_name": "Golden State Warriors",
        "name": "Warriors"
      },
      "visitor_team_score": 0
    },
    {
      "id": 3277350,
      "date": "2023-11-03T00:00:00.000Z",
      "home_team": {
        "id": 17,
        "abbreviation": "MIL",
        "city": "Milwaukee",
        "conference": "East",
        "division": "Central",
        "full_name": "Milwaukee Bucks",
        "name": "Bucks"
      },
      "home_team_score": 110,
      "period": 4,
      "postseason": false,
      "season": 2023,
      "status": "Final",
      "time": "Final",
      "visitor_team": {
        "id": 20,
        "abbreviation": "NYK",
        "city": "New York",
        "conference": "East",
        "division": "Atlantic",
        "full_name": "New York Knicks",
        "name": "Knicks"
      },
      "visitor_team_score": 105
    },
    {
      "id": 3277405,
      "date": "2023-11-10T00:00:00.000Z",
      "home_team": {
        "id": 26,
        "abbreviation": "SAC",
        "city": "Sacramento",
        "conference": "West",
        "division": "Pacific",
        "full_name": "Sacramento Kings",
        "name": "Kings"
      },
      "home_team_score": 105,
      "period": 4,
      "postseason": false,
      "season": 2023,
      "status": "Final",
      "time": "Final",
      "visitor_team": {
        "id": 21,
        "abbreviation": "OKC",
        "city": "Oklahoma City",
        "conference": "West",
        "division": "Northwest",
        "full_name": "Oklahoma City Thunder",
        "name": "Thunder"
      },
      "visitor_team_score": 98
    },
    {
      "id": 3277402,
      "date": "2023-11-10T00:00:00.000Z",
      "home_team": {
        "id": 27,
        "abbreviation": "SAS",
        "city": "San Antonio",
        "conference": "West",
        "division": "Southwest",
        "full_name": "San Antonio Spurs",
        "name": "Spurs"
      },
      "home_team_score": 110,
      "period": 4,
      "postseason": false,
      "season": 2023,
      "status": "Final",
      "time": "Final",
      "visitor_team": {
        "id": 18,
        "abbreviation": "MIN",
        "city": "Minnesota",
        "conference": "West",
        "division": "Northwest",
        "full_name": "Minnesota Timberwolves",
        "name": "Timberwolves"
      },
      "visitor_team_score": 117
    },
    {
      "id": 3277351,
      "date": "2023-11-03T00:00:00.000Z",
      "home_team": {
        "id": 16,
        "abbreviation": "MIA",
        "city": "Miami",
        "conference": "East",
        "division": "Southeast",
        "full_name": "Miami Heat",
        "name": "Heat"
      },
      "home_team_score": 121,
      "period": 4,
      "postseason": false,
      "season": 2023,
      "status": "Final",
      "time": "Final",
      "visitor_team": {
        "id": 30,
        "abbreviation": "WAS",
        "city": "Washington",
        "conference": "East",
        "division": "Southeast",
        "full_name": "Washington Wizards",
        "name": "Wizards"
      },
      "visitor_team_score": 114
    },
    {
      "id": 3277349,
      "date": "2023-11-03T00:00:00.000Z",
      "home_team": {
        "id": 12,
        "abbreviation": "IND",
        "city": "Indiana",
        "conference": "East",
        "division": "Central",
        "full_name": "Indiana Pacers",
        "name": "Pacers"
      },
      "home_team_score": 121,
      "period": 4,
      "postseason": false,
      "season": 2023,
      "status": "Final",
      "time": "Final",
      "visitor_team": {
        "id": 6,
        "abbreviation": "CLE",
        "city": "Cleveland",
        "conference": "East",
        "division": "Central",
        "full_name": "Cleveland Cavaliers",
        "name": "Cavaliers"
      },
      "visitor_team_score": 116
    },
    {
      "id": 3277354,
      "date": "2023-11-03T00:00:00.000Z",
      "home_team": {
        "id": 8,
        "abbreviation": "DEN",
        "city": "Denver",
        "conference": "West",
        "division": "Northwest",
        "full_name": "Denver Nuggets",
        "name": "Nuggets"
      },
      "home_team_score": 125,
      "period": 4,
      "postseason": false,
      "season": 2023,
      "status": "Final",
      "time": "Final",
      "visitor_team": {
        "id": 7,
        "abbreviation": "DAL",
        "city": "Dallas",
        "conference": "West",
        "division": "Southwest",
        "full_name": "Dallas Mavericks",
        "name": "Mavericks"
      },
      "visitor_team_score": 114
    },
    {
      "id": 3277430,
      "date": "2023-11-14T00:00:00.000Z",
      "home_team": {
        "id": 19,
        "abbreviation": "NOP",
        "city": "New Orleans",
        "conference": "West",
        "division": "Southwest",
        "full_name": "New Orleans Pelicans",
        "name": "Pelicans"
      },
      "home_team_score": 131,
      "period": 4,
      "postseason": false,
      "season": 2023,
      "status": "Final",
      "time": "Final",
      "visitor_team": {
        "id": 7,
        "abbreviation": "DAL",
        "city": "Dallas",
        "conference": "West",
        "division": "Southwest",
        "full_name": "Dallas Mavericks",
        "name": "Mavericks"
      },
      "visitor_team_score": 110
    },
    {
      "id": 857369,
      "date": "2022-10-20T00:00:00.000Z",
      "home_team": {
        "id": 14,
        "abbreviation": "LAL",
        "city": "Los Angeles",
        "conference": "West",
        "division": "Pacific",
        "full_name": "Los Angeles Lakers",
        "name": "Lakers"
      },
      "home_team_score": 97,
      "period": 4,
      "postseason": false,
      "season": 2022,
      "status": "Final",
      "time": "Final",
      "visitor_team": {
        "id": 13,
        "abbreviation": "LAC",
        "city": "LA",
        "conference": "West",
        "division": "Pacific",
        "full_name": "LA Clippers",
        "name": "Clippers"
      },
      "visitor_team_score": 103
    },
    {
      "id": 857370,
      "date": "2022-10-20T00:00:00.000Z",
      "home_team": {
        "id": 23,
        "abbreviation": "PHI",
        "city": "Philadelphia",
        "conference": "East",
        "division": "Atlantic",
        "full_name": "Philadelphia 76ers",
        "name": "76ers"
      },
      "home_team_score": 88,
      "period": 4,
      "postseason": false,
      "season": 2022,
      "status": "Final",
      "time": "Final",
      "visitor_team": {
        "id": 17,
        "abbreviation": "MIL",
        "city": "Milwaukee",
        "conference": "East",
        "division": "Central",
        "full_name": "Milwaukee Bucks",
        "name": "Bucks"
      },
      "visitor_team_score": 90
    },
    {
      "id": 857381,
      "date": "2022-10-21T00:00:00.000Z",
      "home_team": {
        "id": 25,
        "abbreviation": "POR",
        "city": "Portland",
        "conference": "West",
        "division": "Northwest",
        "full_name": "Portland Trail Blazers",
        "name": "Trail Blazers"
      },
      "home_team_score": 113,
      "period": 5,
      "postseason": false,
      "season": 2022,
      "status": "Final",
      "time": "Final",
      "visitor_team": {
        "id": 24,
        "abbreviation": "PHX",
        "city": "Phoenix",
        "conference": "West",
        "division": "Pacific",
        "full_name": "Phoenix Suns",
        "name": "Suns"
      },
      "visitor_team_score": 111
    },
    {
      "id": 857374,
      "date": "2022-10-21T00:00:00.000Z",
      "home_team": {
        "id": 30,
        "abbreviation": "WAS",
        "city": "Washington",
        "conference": "East",
        "division": "Southeast",
        "full_name": "Washington Wizards",
        "name": "Wizards"
      },
      "home_team_score": 102,
      "period": 4,
      "postseason": false,
      "season": 2022,
      "status": "Final",
      "time": "Final",
      "visitor_team": {
        "id": 5,
        "abbreviation": "CHI",
        "city": "Chicago",
        "conference": "East",
        "division": "Central",
        "full_name": "Chicago Bulls",
        "name": "Bulls"
      },
      "visitor_team_score": 100
    },
    {
      "id": 857376,
      "date": "2022-10-21T00:00:00.000Z",
      "home_team": {
        "id": 11,
        "abbreviation": "HOU",
        "city": "Houston",
        "conference": "West",
        "division": "Southwest",
        "full_name": "Houston Rockets",
        "name": "Rockets"
      },
      "home_team_score": 122,
      "period": 4,
      "postseason": false,
      "season": 2022,
      "status": "Final",
      "time": "Final",
      "visitor_team": {
        "id": 15,
        "abbreviation": "MEM",
        "city": "Memphis",
        "conference": "West",
        "division": "Southwest",
        "full_name": "Memphis Grizzlies",
        "name": "Grizzlies"
      },
      "visitor_team_score": 129
    },
    {
      "id": 857373,
      "date": "2022-10-21T00:00:00.000Z",
      "home_team": {
        "id": 12,
        "abbreviation": "IND",
        "city": "Indiana",
        "conference": "East",
        "division": "Central",
        "full_name": "Indiana Pacers",
        "name": "Pacers"
      },
      "home_team_score": 134,
      "period": 4,
      "postseason": false,
      "season": 2022,
      "status": "Final",
      "time": "Final",
      "visitor_team": {
        "id": 27,
        "abbreviation": "SAS",
        "city": "San Antonio",
        "conference": "West",
        "division": "Southwest",
        "full_name": "San Antonio Spurs",
        "name": "Spurs"
      },
      "visitor_team_score": 137
    },
    {
      "id": 857379,
      "date": "2022-10-21T00:00:00.000Z",
      "home_team": {
        "id": 4,
        "abbreviation": "CHA",
        "city": "Charlotte",
        "conference": "East",
        "division": "Southeast",
        "full_name": "Charlotte Hornets",
        "name": "Hornets"
      },
      "home_team_score": 112,
      "period": 4,
      "postseason": false,
      "season": 2022,
      "status": "Final",
      "time": "Final",
      "visitor_team": {
        "id": 19,
        "abbreviation": "NOP",
        "city": "New Orleans",
        "conference": "West",
        "division": "Southwest",
        "full_name": "New Orleans Pelicans",
        "name": "Pelicans"
      },
      "visitor_team_score": 124
    },
    {
      "id": 857371,
      "date": "2022-10-21T00:00:00.000Z",
      "home_team": {
        "id": 3,
        "abbreviation": "BKN",
        "city": "Brooklyn",
        "conference": "East",
        "division": "Atlantic",
        "full_name": "Brooklyn Nets",
        "name": "Nets"
      },
      "home_team_score": 109,
      "period": 4,
      "postseason": false,
      "season": 2022,
      "status": "Final",
      "time": "Final",
      "visitor_team": {
        "id": 28,
        "abbreviation": "TOR",
        "city": "Toronto",
        "conference": "East",
        "division": "Atlantic",
        "full_name": "Toronto Raptors",
        "name": "Raptors"
      },
      "visitor_team_score": 105
    },
    {
      "id": 857380,
      "date": "2022-10-21T00:00:00.000Z",
      "home_team": {
        "id": 1,
        "abbreviation": "ATL",
        "city": "Atlanta",
        "conference": "East",
        "division": "Southeast",
        "full_name": "Atlanta Hawks",
        "name": "Hawks"
      },
      "home_team_score": 108,
      "period": 4,
      "postseason": false,
      "season": 2022,
      "status": "Final",
      "time": "Final",
      "visitor_team": {
        "id": 22,
        "abbreviation": "ORL",
        "city": "Orlando",
        "conference": "East",
        "division": "Southeast",
        "full_name": "Orlando Magic",
        "name": "Magic"
      },
      "visitor_team_score": 98
    },
    {
      "id": 857375,
      "date": "2022-10-21T00:00:00.000Z",
      "home_team": {
        "id": 16,
        "abbreviation": "MIA",
        "city": "Miami",
        "conference": "East",
        "division": "Southeast",
        "full_name": "Miami Heat",
        "name": "Heat"
      },
      "home_team_score": 104,
      "period": 4,
      "postseason": false,
      "season": 2022,
      "status": "Final",
      "time": "Final",
      "visitor_team": {
        "id": 2,
        "abbreviation": "BOS",
        "city": "Boston",
        "conference": "East",
        "division": "Atlantic",
        "full_name": "Boston Celtics",
        "name": "Celtics"
      },
      "visitor_team_score": 111
    },
    {
      "id": 857378,
      "date": "2022-10-21T00:00:00.000Z",
      "home_team": {
        "id": 18,
        "abbreviation": "MIN",
        "city": "Minnesota",
        "conference": "West",
        "division": "Northwest",
        "full_name": "Minnesota Timberwolves",
        "name": "Timberwolves"
      },
      "home_team_score": 126,
      "period": 5,
      "postseason": false,
      "season": 2022,
      "status": "Final",
      "time": "Final",
      "visitor_team": {
        "id": 29,
        "abbreviation": "UTA",
        "city": "Utah",
        "conference": "West",
        "division": "Northwest",
        "full_name": "Utah Jazz",
        "name": "Jazz"
      },
      "visitor_team_score": 132
    },
    {
      "id": 857377,
      "date": "2022-10-21T00:00:00.000Z",
      "home_team": {
        "id": 10,
        "abbreviation": "GSW",
        "city": "Golden State",
        "conference": "West",
        "division": "Pacific",
        "full_name": "Golden State Warriors",
        "name": "Warriors"
      },
      "home_team_score": 123,
      "period": 4,
      "postseason": false,
      "season": 2022,
      "status": "Final",
      "time": "Final",
      "visitor_team": {
        "id": 8,
        "abbreviation": "DEN",
        "city": "Denver",
        "conference": "West",
        "division": "Northwest",
        "full_name": "Denver Nuggets",
        "name": "Nuggets"
      },
      "visitor_team_score": 128
    },
    {
      "id": 857372,
      "date": "2022-10-21T00:00:00.000Z",
      "home_team": {
        "id": 20,
        "abbreviation": "NYK",
        "city": "New York",
        "conference": "East",
        "division": "Atlantic",
        "full_name": "New York Knicks",
        "name": "Knicks"
      },
      "home_team_score": 130,
      "period": 4,
      "postseason": false,
      "season": 2022,
      "status": "Final",
      "time": "Final",
      "visitor_team": {
        "id": 9,
        "abbreviation": "DET",
        "city": "Detroit",
        "conference": "East",
        "division": "Central",
        "full_name": "Detroit Pistons",
        "name": "Pistons"
      },
      "visitor_team_score": 106
    },
    {
      "id": 857388,
      "date": "2022-10-22T00:00:00.000Z",
      "home_team": {
        "id": 8,
        "abbreviation": "DEN",
        "city": "Denver",
        "conference": "West",
        "division": "Northwest",
        "full_name": "Denver Nuggets",
        "name": "Nuggets"
      },
      "home_team_score": 122,
      "period": 4,
      "postseason": false,
      "season": 2022,
      "status": "Final",
      "time": "Final",
      "visitor_team": {
        "id": 21,
        "abbreviation": "OKC",
        "city": "Oklahoma City",
        "conference": "West",
        "division": "Northwest",
        "full_name": "Oklahoma City Thunder",
        "name": "Thunder"
      },
      "visitor_team_score": 117
    },
    {
      "id": 857385,
      "date": "2022-10-22T00:00:00.000Z",
      "home_team": {
        "id": 22,
        "abbreviation": "ORL",
        "city": "Orlando",
        "conference": "East",
        "division": "Southeast",
        "full_name": "Orlando Magic",
        "name": "Magic"
      },
      "home_team_score": 120,
      "period": 4,
      "postseason": false,
      "season": 2022,
      "status": "Final",
      "time": "Final",
      "visitor_team": {
        "id": 2,
        "abbreviation": "BOS",
        "city": "Boston",
        "conference": "East",
        "division": "Atlantic",
        "full_name": "Boston Celtics",
        "name": "Celtics"
      },
      "visitor_team_score": 126
    },
    {
      "id": 857382,
      "date": "2022-10-22T00:00:00.000Z",
      "home_team": {
        "id": 23,
        "abbreviation": "PHI",
        "city": "Philadelphia",
        "conference": "East",
        "division": "Atlantic",
        "full_name": "Philadelphia 76ers",
        "name": "76ers"
      },
      "home_team_score": 105,
      "period": 4,
      "postseason": false,
      "season": 2022,
      "status": "Final",
      "time": "Final",
      "visitor_team": {
        "id": 27,
        "abbreviation": "SAS",
        "city": "San Antonio",
        "conference": "West",
        "division": "Southwest",
        "full_name": "San Antonio Spurs",
        "name": "Spurs"
      },
      "visitor_team_score": 114
    },
    {
      "id": 857389,
      "date": "2022-10-22T00:00:00.000Z",
      "home_team": {
        "id": 17,
        "abbreviation": "MIL",
        "city": "Milwaukee",
        "conference": "East",
        "division": "Central",
        "full_name": "Milwaukee Bucks",
        "name": "Bucks"
      },
      "home_team_score": 125,
      "period": 4,
      "postseason": false,
      "season": 2022,
      "status": "Final",
      "time": "Final",
      "visitor_team": {
        "id": 11,
        "abbreviation": "HOU",
        "city": "Houston",
        "conference": "West",
        "division": "Southwest",
        "full_name": "Houston Rockets",
        "name": "Rockets"
      },
      "visitor_team_score": 105
    },
    {
      "id": 857383,
      "date": "2022-10-22T00:00:00.000Z",
      "home_team": {
        "id": 5,
        "abbreviation": "CHI",
        "city": "Chicago",
        "conference": "East",
        "division": "Central",
        "full_name": "Chicago Bulls",
        "name": "Bulls"
      },
      "home_team_score": 96,
      "period": 4,
      "postseason": false,
      "season": 2022,
      "status": "Final",
      "time": "Final",
      "visitor_team": {
        "id": 6,
        "abbreviation": "CLE",
        "city": "Cleveland",
        "conference": "East",
        "division": "Central",
        "full_name": "Cleveland Cavaliers",
        "name": "Cavaliers"
      },
      "visitor_team_score": 128
    },
    {
      "id": 857390,
      "date": "2022-10-22T00:00:00.000Z",
      "home_team": {
        "id": 7,
        "abbreviation": "DAL",
        "city": "Dallas",
        "conference": "West",
        "division": "Southwest",
        "full_name": "Dallas Mavericks",
        "name": "Mavericks"
      },
      "home_team_score": 137,
      "period": 4,
      "postseason": false,
      "season": 2022,
      "status": "Final",
      "time": "Final",
      "visitor_team": {
        "id": 15,
        "abbreviation": "MEM",
        "city": "Memphis",
        "conference": "West",
        "division": "Southwest",
        "full_name": "Memphis Grizzlies",
        "name": "Grizzlies"
      },
      "visitor_team_score": 96
    },
    {
      "id": 857386,
      "date": "2022-10-22T00:00:00.000Z",
      "home_team": {
        "id": 12,
        "abbreviation": "IND",
        "city": "Indiana",
        "conference": "East",
        "division": "Central",
        "full_name": "Indiana Pacers",
        "name": "Pacers"
      },
      "home_team_score": 124,
      "period": 4,
      "postseason": false,
      "season": 2022,
      "status": "Final",
      "time": "Final",
      "visitor_team": {
        "id": 9,
        "abbreviation": "DET",
        "city": "Detroit",
        "conference": "East",
        "division": "Central",
        "full_name": "Detroit Pistons",
        "name": "Pistons"
      },
      "visitor_team_score": 115
    },
    {
      "id": 857387,
      "date": "2022-10-22T00:00:00.000Z",
      "home_team": {
        "id": 26,
        "abbreviation": "SAC",
        "city": "Sacramento",
        "conference": "West",
        "division": "Pacific",
        "full_name": "Sacramento Kings",
        "name": "Kings"
      },
      "home_team_score": 109,
      "period": 4,
      "postseason": false,
      "season": 2022,
      "status": "Final",
      "time": "Final",
      "visitor_team": {
        "id": 13,
        "abbreviation": "LAC",
        "city": "LA",
        "conference": "West",
        "division": "Pacific",
        "full_name": "LA Clippers",
        "name": "Clippers"
      },
      "visitor_team_score": 111
    },
    {
      "id": 857384,
      "date": "2022-10-22T00:00:00.000Z",
      "home_team": {
        "id": 16,
        "abbreviation": "MIA",
        "city": "Miami",
        "conference": "East",
        "division": "Southeast",
        "full_name": "Miami Heat",
        "name": "Heat"
      },
      "home_team_score": 112,
      "period": 4,
      "postseason": false,
      "season": 2022,
      "status": "Final",
      "time": "Final",
      "visitor_team": {
        "id": 28,
        "abbreviation": "TOR",
        "city": "Toronto",
        "conference": "East",
        "division": "Atlantic",
        "full_name": "Toronto Raptors",
        "name": "Raptors"
      },
      "visitor_team_score": 109
    },
    {
      "id": 857391,
      "date": "2022-10-23T00:00:00.000Z",
      "home_team": {
        "id": 14,
        "abbreviation": "LAL",
        "city": "Los Angeles",
        "conference": "West",
        "division": "Pacific",
        "full_name": "Los Angeles Lakers",
        "name": "Lakers"
      },
      "home_team_score": 104,
      "period": 4,
      "postseason": false,
      "season": 2022,
      "status": "Final",
      "time": "Final",
      "visitor_team": {
        "id": 25,
        "abbreviation": "POR",
        "city": "Portland",
        "conference": "West",
        "division": "Northwest",
        "full_name": "Portland Trail Blazers",
        "name": "Trail Blazers"
      },
      "visitor_team_score": 106
    },
    {
      "id": 857396,
      "date": "2022-10-23T00:00:00.000Z",
      "home_team": {
        "id": 21,
        "abbreviation": "OKC",
        "city": "Oklahoma City",
        "conference": "West",
        "division": "Northwest",
        "full_name": "Oklahoma City Thunder",
        "name": "Thunder"
      },
      "home_team_score": 106,
      "period": 4,
      "postseason": false,
      "season": 2022,
      "status": "Final",
      "time": "Final",
      "visitor_team": {
        "id": 18,
        "abbreviation": "MIN",
        "city": "Minnesota",
        "conference": "West",
        "division": "Northwest",
        "full_name": "Minnesota Timberwolves",
        "name": "Timberwolves"
      },
      "visitor_team_score": 116
    },
    {
      "id": 857394,
      "date": "2022-10-23T00:00:00.000Z",
      "home_team": {
        "id": 19,
        "abbreviation": "NOP",
        "city": "New Orleans",
        "conference": "West",
        "division": "Southwest",
        "full_name": "New Orleans Pelicans",
        "name": "Pelicans"
      },
      "home_team_score": 121,
      "period": 5,
      "postseason": false,
      "season": 2022,
      "status": "Final",
      "time": "Final",
      "visitor_team": {
        "id": 29,
        "abbreviation": "UTA",
        "city": "Utah",
        "conference": "West",
        "division": "Northwest",
        "full_name": "Utah Jazz",
        "name": "Jazz"
      },
      "visitor_team_score": 122
    }
  ]
}